{"stats":{"minecraft:mined":{"minecraft:dark_oak_log":1},"minecraft:picked_up":{"minecraft:dark_oak_log":1},"minecraft:used":{"minecraft:dark_oak_log":1},"minecraft:custom":{"minecraft:jump":6,"minecraft:time_since_rest":2154,"minecraft:leave_game":1,"minecraft:deaths":1,"minecraft:crouch_one_cm":37,"minecraft:sprint_one_cm":201,"minecraft:play_time":3264,"minecraft:damage_taken":90,"minecraft:time_since_death":2074,"minecraft:walk_one_cm":1712,"minecraft:sneak_time":15,"minecraft:total_world_time":3264,"minecraft:fall_one_cm":1411,"minecraft:fly_one_cm":480}},"DataVersion":3465}